Build System,Time window,Duration
ant,entry-testStart,244
ant,testStart-testEnd,254
ant,testEnd-exit,10
ant,entry-testStart,250
ant,testStart-testEnd,252
ant,testEnd-exit,7
ant,entry-testStart,260
ant,testStart-testEnd,255
ant,testEnd-exit,8
ant,entry-testStart,268
ant,testStart-testEnd,250
ant,testEnd-exit,11
ant,entry-testStart,252
ant,testStart-testEnd,254
ant,testEnd-exit,10
ant,entry-testStart,248
ant,testStart-testEnd,250
ant,testEnd-exit,9
ant,entry-testStart,245
ant,testStart-testEnd,255
ant,testEnd-exit,9
ant,entry-testStart,249
ant,testStart-testEnd,254
ant,testEnd-exit,9
ant,entry-testStart,251
ant,testStart-testEnd,250
ant,testEnd-exit,10
ant,entry-testStart,245
ant,testStart-testEnd,254
ant,testEnd-exit,10
ant,entry-testStart,253
ant,testStart-testEnd,256
ant,testEnd-exit,9
ant,entry-testStart,246
ant,testStart-testEnd,254
ant,testEnd-exit,10
ant,entry-testStart,247
ant,testStart-testEnd,255
ant,testEnd-exit,9
ant,entry-testStart,250
ant,testStart-testEnd,252
ant,testEnd-exit,10
ant,entry-testStart,248
ant,testStart-testEnd,253
ant,testEnd-exit,8
ant,entry-testStart,243
ant,testStart-testEnd,251
ant,testEnd-exit,9
ant,entry-testStart,252
ant,testStart-testEnd,253
ant,testEnd-exit,9
ant,entry-testStart,249
ant,testStart-testEnd,250
ant,testEnd-exit,9
ant,entry-testStart,250
ant,testStart-testEnd,252
ant,testEnd-exit,9
ant,entry-testStart,247
ant,testStart-testEnd,255
ant,testEnd-exit,9
ant,entry-testStart,238
ant,testStart-testEnd,250
ant,testEnd-exit,8
ant,entry-testStart,247
ant,testStart-testEnd,251
ant,testEnd-exit,10
ant,entry-testStart,251
ant,testStart-testEnd,255
ant,testEnd-exit,9
ant,entry-testStart,248
ant,testStart-testEnd,253
ant,testEnd-exit,9
ant,entry-testStart,248
ant,testStart-testEnd,254
ant,testEnd-exit,10
ant,entry-testStart,251
ant,testStart-testEnd,254
ant,testEnd-exit,9
ant,entry-testStart,262
ant,testStart-testEnd,250
ant,testEnd-exit,6
ant,entry-testStart,244
ant,testStart-testEnd,253
ant,testEnd-exit,9
ant,entry-testStart,249
ant,testStart-testEnd,254
ant,testEnd-exit,9
ant,entry-testStart,250
ant,testStart-testEnd,253
ant,testEnd-exit,8
ant,entry-testStart,249
ant,testStart-testEnd,253
ant,testEnd-exit,8
ant,entry-testStart,260
ant,testStart-testEnd,254
ant,testEnd-exit,9
ant,entry-testStart,252
ant,testStart-testEnd,251
ant,testEnd-exit,9
ant,entry-testStart,254
ant,testStart-testEnd,252
ant,testEnd-exit,8
ant,entry-testStart,259
ant,testStart-testEnd,253
ant,testEnd-exit,8
ant,entry-testStart,252
ant,testStart-testEnd,251
ant,testEnd-exit,8
ant,entry-testStart,252
ant,testStart-testEnd,251
ant,testEnd-exit,8
ant,entry-testStart,247
ant,testStart-testEnd,252
ant,testEnd-exit,8
ant,entry-testStart,247
ant,testStart-testEnd,251
ant,testEnd-exit,9
ant,entry-testStart,262
ant,testStart-testEnd,252
ant,testEnd-exit,9
ant,entry-testStart,245
ant,testStart-testEnd,253
ant,testEnd-exit,9
ant,entry-testStart,235
ant,testStart-testEnd,253
ant,testEnd-exit,10
ant,entry-testStart,237
ant,testStart-testEnd,253
ant,testEnd-exit,8
ant,entry-testStart,246
ant,testStart-testEnd,251
ant,testEnd-exit,10
ant,entry-testStart,246
ant,testStart-testEnd,252
ant,testEnd-exit,9
ant,entry-testStart,238
ant,testStart-testEnd,254
ant,testEnd-exit,9
ant,entry-testStart,247
ant,testStart-testEnd,253
ant,testEnd-exit,7
ant,entry-testStart,243
ant,testStart-testEnd,255
ant,testEnd-exit,9
ant,entry-testStart,254
ant,testStart-testEnd,254
ant,testEnd-exit,8
ant,entry-testStart,253
ant,testStart-testEnd,256
ant,testEnd-exit,8
ant,entry-testStart,248
ant,testStart-testEnd,251
ant,testEnd-exit,9
ant,entry-testStart,248
ant,testStart-testEnd,251
ant,testEnd-exit,8
ant,entry-testStart,247
ant,testStart-testEnd,253
ant,testEnd-exit,8
ant,entry-testStart,250
ant,testStart-testEnd,255
ant,testEnd-exit,9
ant,entry-testStart,250
ant,testStart-testEnd,254
ant,testEnd-exit,9
ant,entry-testStart,254
ant,testStart-testEnd,251
ant,testEnd-exit,9
ant,entry-testStart,259
ant,testStart-testEnd,252
ant,testEnd-exit,8
ant,entry-testStart,241
ant,testStart-testEnd,253
ant,testEnd-exit,9
ant,entry-testStart,247
ant,testStart-testEnd,254
ant,testEnd-exit,9
ant,entry-testStart,252
ant,testStart-testEnd,253
ant,testEnd-exit,9
ant,entry-testStart,247
ant,testStart-testEnd,251
ant,testEnd-exit,9
ant,entry-testStart,244
ant,testStart-testEnd,253
ant,testEnd-exit,8
ant,entry-testStart,279
ant,testStart-testEnd,254
ant,testEnd-exit,9
ant,entry-testStart,250
ant,testStart-testEnd,255
ant,testEnd-exit,8
ant,entry-testStart,252
ant,testStart-testEnd,253
ant,testEnd-exit,9
ant,entry-testStart,248
ant,testStart-testEnd,250
ant,testEnd-exit,8
ant,entry-testStart,252
ant,testStart-testEnd,255
ant,testEnd-exit,7
ant,entry-testStart,250
ant,testStart-testEnd,251
ant,testEnd-exit,9
ant,entry-testStart,250
ant,testStart-testEnd,255
ant,testEnd-exit,9
ant,entry-testStart,251
ant,testStart-testEnd,254
ant,testEnd-exit,9
ant,entry-testStart,258
ant,testStart-testEnd,255
ant,testEnd-exit,9
ant,entry-testStart,252
ant,testStart-testEnd,253
ant,testEnd-exit,9
ant,entry-testStart,245
ant,testStart-testEnd,250
ant,testEnd-exit,10
ant,entry-testStart,254
ant,testStart-testEnd,252
ant,testEnd-exit,9
ant,entry-testStart,253
ant,testStart-testEnd,254
ant,testEnd-exit,9
ant,entry-testStart,255
ant,testStart-testEnd,254
ant,testEnd-exit,9
ant,entry-testStart,254
ant,testStart-testEnd,250
ant,testEnd-exit,9
ant,entry-testStart,258
ant,testStart-testEnd,251
ant,testEnd-exit,9
ant,entry-testStart,242
ant,testStart-testEnd,250
ant,testEnd-exit,8
ant,entry-testStart,254
ant,testStart-testEnd,253
ant,testEnd-exit,8
ant,entry-testStart,254
ant,testStart-testEnd,255
ant,testEnd-exit,9
ant,entry-testStart,248
ant,testStart-testEnd,251
ant,testEnd-exit,8
ant,entry-testStart,255
ant,testStart-testEnd,253
ant,testEnd-exit,10
ant,entry-testStart,254
ant,testStart-testEnd,250
ant,testEnd-exit,9
ant,entry-testStart,248
ant,testStart-testEnd,255
ant,testEnd-exit,10
ant,entry-testStart,247
ant,testStart-testEnd,254
ant,testEnd-exit,9
ant,entry-testStart,251
ant,testStart-testEnd,254
ant,testEnd-exit,8
ant,entry-testStart,255
ant,testStart-testEnd,256
ant,testEnd-exit,8
ant,entry-testStart,247
ant,testStart-testEnd,253
ant,testEnd-exit,8
ant,entry-testStart,251
ant,testStart-testEnd,252
ant,testEnd-exit,8
ant,entry-testStart,252
ant,testStart-testEnd,250
ant,testEnd-exit,8
ant,entry-testStart,250
ant,testStart-testEnd,254
ant,testEnd-exit,8
ant,entry-testStart,261
ant,testStart-testEnd,255
ant,testEnd-exit,9
ant,entry-testStart,254
ant,testStart-testEnd,253
ant,testEnd-exit,9
ant,entry-testStart,254
ant,testStart-testEnd,253
ant,testEnd-exit,8
ant,entry-testStart,247
ant,testStart-testEnd,253
ant,testEnd-exit,9
ant,entry-testStart,256
ant,testStart-testEnd,253
ant,testEnd-exit,8
ant,entry-testStart,250
ant,testStart-testEnd,255
ant,testEnd-exit,9
ant,entry-testStart,253
ant,testStart-testEnd,251
ant,testEnd-exit,7
ant,entry-testStart,248
ant,testStart-testEnd,251
ant,testEnd-exit,10
gradle,entry-testStart,383
gradle,testStart-testEnd,255
gradle,testEnd-exit,20
gradle,entry-testStart,376
gradle,testStart-testEnd,255
gradle,testEnd-exit,17
gradle,entry-testStart,379
gradle,testStart-testEnd,254
gradle,testEnd-exit,19
gradle,entry-testStart,382
gradle,testStart-testEnd,253
gradle,testEnd-exit,19
gradle,entry-testStart,378
gradle,testStart-testEnd,253
gradle,testEnd-exit,19
gradle,entry-testStart,384
gradle,testStart-testEnd,255
gradle,testEnd-exit,19
gradle,entry-testStart,375
gradle,testStart-testEnd,254
gradle,testEnd-exit,19
gradle,entry-testStart,384
gradle,testStart-testEnd,254
gradle,testEnd-exit,18
gradle,entry-testStart,380
gradle,testStart-testEnd,252
gradle,testEnd-exit,19
gradle,entry-testStart,370
gradle,testStart-testEnd,251
gradle,testEnd-exit,18
gradle,entry-testStart,386
gradle,testStart-testEnd,254
gradle,testEnd-exit,18
gradle,entry-testStart,380
gradle,testStart-testEnd,252
gradle,testEnd-exit,18
gradle,entry-testStart,379
gradle,testStart-testEnd,255
gradle,testEnd-exit,17
gradle,entry-testStart,378
gradle,testStart-testEnd,252
gradle,testEnd-exit,17
gradle,entry-testStart,380
gradle,testStart-testEnd,255
gradle,testEnd-exit,17
gradle,entry-testStart,387
gradle,testStart-testEnd,253
gradle,testEnd-exit,17
gradle,entry-testStart,377
gradle,testStart-testEnd,250
gradle,testEnd-exit,17
gradle,entry-testStart,388
gradle,testStart-testEnd,253
gradle,testEnd-exit,18
gradle,entry-testStart,380
gradle,testStart-testEnd,255
gradle,testEnd-exit,17
gradle,entry-testStart,390
gradle,testStart-testEnd,250
gradle,testEnd-exit,17
gradle,entry-testStart,371
gradle,testStart-testEnd,255
gradle,testEnd-exit,17
gradle,entry-testStart,372
gradle,testStart-testEnd,251
gradle,testEnd-exit,16
gradle,entry-testStart,380
gradle,testStart-testEnd,254
gradle,testEnd-exit,17
gradle,entry-testStart,381
gradle,testStart-testEnd,253
gradle,testEnd-exit,17
gradle,entry-testStart,383
gradle,testStart-testEnd,255
gradle,testEnd-exit,15
gradle,entry-testStart,381
gradle,testStart-testEnd,254
gradle,testEnd-exit,16
gradle,entry-testStart,386
gradle,testStart-testEnd,250
gradle,testEnd-exit,17
gradle,entry-testStart,382
gradle,testStart-testEnd,255
gradle,testEnd-exit,17
gradle,entry-testStart,379
gradle,testStart-testEnd,253
gradle,testEnd-exit,17
gradle,entry-testStart,380
gradle,testStart-testEnd,250
gradle,testEnd-exit,18
gradle,entry-testStart,387
gradle,testStart-testEnd,251
gradle,testEnd-exit,16
gradle,entry-testStart,375
gradle,testStart-testEnd,254
gradle,testEnd-exit,17
gradle,entry-testStart,382
gradle,testStart-testEnd,252
gradle,testEnd-exit,17
gradle,entry-testStart,387
gradle,testStart-testEnd,251
gradle,testEnd-exit,17
gradle,entry-testStart,381
gradle,testStart-testEnd,253
gradle,testEnd-exit,17
gradle,entry-testStart,379
gradle,testStart-testEnd,255
gradle,testEnd-exit,17
gradle,entry-testStart,383
gradle,testStart-testEnd,250
gradle,testEnd-exit,19
gradle,entry-testStart,382
gradle,testStart-testEnd,255
gradle,testEnd-exit,16
gradle,entry-testStart,379
gradle,testStart-testEnd,254
gradle,testEnd-exit,14
gradle,entry-testStart,389
gradle,testStart-testEnd,252
gradle,testEnd-exit,17
gradle,entry-testStart,403
gradle,testStart-testEnd,255
gradle,testEnd-exit,16
gradle,entry-testStart,395
gradle,testStart-testEnd,250
gradle,testEnd-exit,17
gradle,entry-testStart,392
gradle,testStart-testEnd,253
gradle,testEnd-exit,17
gradle,entry-testStart,402
gradle,testStart-testEnd,255
gradle,testEnd-exit,16
gradle,entry-testStart,394
gradle,testStart-testEnd,253
gradle,testEnd-exit,18
gradle,entry-testStart,441
gradle,testStart-testEnd,255
gradle,testEnd-exit,19
gradle,entry-testStart,438
gradle,testStart-testEnd,253
gradle,testEnd-exit,16
gradle,entry-testStart,429
gradle,testStart-testEnd,252
gradle,testEnd-exit,17
gradle,entry-testStart,419
gradle,testStart-testEnd,252
gradle,testEnd-exit,17
gradle,entry-testStart,411
gradle,testStart-testEnd,253
gradle,testEnd-exit,16
gradle,entry-testStart,417
gradle,testStart-testEnd,251
gradle,testEnd-exit,17
gradle,entry-testStart,434
gradle,testStart-testEnd,252
gradle,testEnd-exit,17
gradle,entry-testStart,420
gradle,testStart-testEnd,253
gradle,testEnd-exit,16
gradle,entry-testStart,385
gradle,testStart-testEnd,253
gradle,testEnd-exit,17
gradle,entry-testStart,392
gradle,testStart-testEnd,255
gradle,testEnd-exit,28
gradle,entry-testStart,382
gradle,testStart-testEnd,255
gradle,testEnd-exit,17
gradle,entry-testStart,375
gradle,testStart-testEnd,253
gradle,testEnd-exit,14
gradle,entry-testStart,419
gradle,testStart-testEnd,253
gradle,testEnd-exit,16
gradle,entry-testStart,380
gradle,testStart-testEnd,254
gradle,testEnd-exit,17
gradle,entry-testStart,381
gradle,testStart-testEnd,255
gradle,testEnd-exit,17
gradle,entry-testStart,408
gradle,testStart-testEnd,251
gradle,testEnd-exit,16
gradle,entry-testStart,384
gradle,testStart-testEnd,254
gradle,testEnd-exit,28
gradle,entry-testStart,431
gradle,testStart-testEnd,250
gradle,testEnd-exit,17
gradle,entry-testStart,405
gradle,testStart-testEnd,252
gradle,testEnd-exit,16
gradle,entry-testStart,388
gradle,testStart-testEnd,255
gradle,testEnd-exit,17
gradle,entry-testStart,380
gradle,testStart-testEnd,253
gradle,testEnd-exit,17
gradle,entry-testStart,388
gradle,testStart-testEnd,252
gradle,testEnd-exit,14
gradle,entry-testStart,442
gradle,testStart-testEnd,253
gradle,testEnd-exit,15
gradle,entry-testStart,475
gradle,testStart-testEnd,251
gradle,testEnd-exit,17
gradle,entry-testStart,417
gradle,testStart-testEnd,251
gradle,testEnd-exit,13
gradle,entry-testStart,409
gradle,testStart-testEnd,255
gradle,testEnd-exit,14
gradle,entry-testStart,384
gradle,testStart-testEnd,255
gradle,testEnd-exit,14
gradle,entry-testStart,410
gradle,testStart-testEnd,252
gradle,testEnd-exit,14
gradle,entry-testStart,392
gradle,testStart-testEnd,253
gradle,testEnd-exit,15
gradle,entry-testStart,464
gradle,testStart-testEnd,254
gradle,testEnd-exit,21
gradle,entry-testStart,422
gradle,testStart-testEnd,254
gradle,testEnd-exit,17
gradle,entry-testStart,419
gradle,testStart-testEnd,254
gradle,testEnd-exit,15
gradle,entry-testStart,450
gradle,testStart-testEnd,253
gradle,testEnd-exit,13
gradle,entry-testStart,434
gradle,testStart-testEnd,254
gradle,testEnd-exit,17
gradle,entry-testStart,409
gradle,testStart-testEnd,255
gradle,testEnd-exit,17
gradle,entry-testStart,396
gradle,testStart-testEnd,254
gradle,testEnd-exit,17
gradle,entry-testStart,404
gradle,testStart-testEnd,253
gradle,testEnd-exit,17
gradle,entry-testStart,389
gradle,testStart-testEnd,254
gradle,testEnd-exit,16
gradle,entry-testStart,388
gradle,testStart-testEnd,251
gradle,testEnd-exit,16
gradle,entry-testStart,401
gradle,testStart-testEnd,255
gradle,testEnd-exit,18
gradle,entry-testStart,395
gradle,testStart-testEnd,255
gradle,testEnd-exit,18
gradle,entry-testStart,387
gradle,testStart-testEnd,253
gradle,testEnd-exit,17
gradle,entry-testStart,383
gradle,testStart-testEnd,255
gradle,testEnd-exit,17
gradle,entry-testStart,393
gradle,testStart-testEnd,255
gradle,testEnd-exit,15
gradle,entry-testStart,404
gradle,testStart-testEnd,254
gradle,testEnd-exit,15
gradle,entry-testStart,394
gradle,testStart-testEnd,254
gradle,testEnd-exit,14
gradle,entry-testStart,400
gradle,testStart-testEnd,252
gradle,testEnd-exit,16
gradle,entry-testStart,443
gradle,testStart-testEnd,252
gradle,testEnd-exit,17
gradle,entry-testStart,386
gradle,testStart-testEnd,250
gradle,testEnd-exit,16
gradle,entry-testStart,377
gradle,testStart-testEnd,255
gradle,testEnd-exit,17
gradle,entry-testStart,374
gradle,testStart-testEnd,255
gradle,testEnd-exit,12
gradle,entry-testStart,372
gradle,testStart-testEnd,253
gradle,testEnd-exit,17
gradle,entry-testStart,382
gradle,testStart-testEnd,251
gradle,testEnd-exit,17
gradle,entry-testStart,381
gradle,testStart-testEnd,252
gradle,testEnd-exit,16
gradle,entry-testStart,387
gradle,testStart-testEnd,251
gradle,testEnd-exit,16
mvn,entry-testStart,277
mvn,testStart-testEnd,251
mvn,testEnd-exit,376
mvn,entry-testStart,261
mvn,testStart-testEnd,256
mvn,testEnd-exit,356
mvn,entry-testStart,228
mvn,testStart-testEnd,255
mvn,testEnd-exit,360
mvn,entry-testStart,238
mvn,testStart-testEnd,253
mvn,testEnd-exit,357
mvn,entry-testStart,246
mvn,testStart-testEnd,253
mvn,testEnd-exit,370
mvn,entry-testStart,239
mvn,testStart-testEnd,254
mvn,testEnd-exit,361
mvn,entry-testStart,237
mvn,testStart-testEnd,252
mvn,testEnd-exit,361
mvn,entry-testStart,244
mvn,testStart-testEnd,253
mvn,testEnd-exit,367
mvn,entry-testStart,237
mvn,testStart-testEnd,255
mvn,testEnd-exit,372
mvn,entry-testStart,241
mvn,testStart-testEnd,253
mvn,testEnd-exit,370
mvn,entry-testStart,241
mvn,testStart-testEnd,251
mvn,testEnd-exit,351
mvn,entry-testStart,238
mvn,testStart-testEnd,253
mvn,testEnd-exit,362
mvn,entry-testStart,232
mvn,testStart-testEnd,252
mvn,testEnd-exit,377
mvn,entry-testStart,241
mvn,testStart-testEnd,253
mvn,testEnd-exit,385
mvn,entry-testStart,240
mvn,testStart-testEnd,251
mvn,testEnd-exit,367
mvn,entry-testStart,238
mvn,testStart-testEnd,252
mvn,testEnd-exit,367
mvn,entry-testStart,313
mvn,testStart-testEnd,251
mvn,testEnd-exit,361
mvn,entry-testStart,241
mvn,testStart-testEnd,255
mvn,testEnd-exit,360
mvn,entry-testStart,239
mvn,testStart-testEnd,253
mvn,testEnd-exit,356
mvn,entry-testStart,248
mvn,testStart-testEnd,251
mvn,testEnd-exit,360
mvn,entry-testStart,244
mvn,testStart-testEnd,254
mvn,testEnd-exit,370
mvn,entry-testStart,241
mvn,testStart-testEnd,251
mvn,testEnd-exit,354
mvn,entry-testStart,245
mvn,testStart-testEnd,254
mvn,testEnd-exit,369
mvn,entry-testStart,264
mvn,testStart-testEnd,254
mvn,testEnd-exit,358
mvn,entry-testStart,237
mvn,testStart-testEnd,254
mvn,testEnd-exit,361
mvn,entry-testStart,240
mvn,testStart-testEnd,254
mvn,testEnd-exit,368
mvn,entry-testStart,238
mvn,testStart-testEnd,253
mvn,testEnd-exit,350
mvn,entry-testStart,261
mvn,testStart-testEnd,254
mvn,testEnd-exit,362
mvn,entry-testStart,296
mvn,testStart-testEnd,254
mvn,testEnd-exit,363
mvn,entry-testStart,234
mvn,testStart-testEnd,254
mvn,testEnd-exit,352
mvn,entry-testStart,248
mvn,testStart-testEnd,253
mvn,testEnd-exit,366
mvn,entry-testStart,248
mvn,testStart-testEnd,252
mvn,testEnd-exit,362
mvn,entry-testStart,245
mvn,testStart-testEnd,254
mvn,testEnd-exit,355
mvn,entry-testStart,238
mvn,testStart-testEnd,253
mvn,testEnd-exit,361
mvn,entry-testStart,245
mvn,testStart-testEnd,254
mvn,testEnd-exit,100
mvn,entry-testStart,240
mvn,testStart-testEnd,255
mvn,testEnd-exit,361
mvn,entry-testStart,244
mvn,testStart-testEnd,251
mvn,testEnd-exit,362
mvn,entry-testStart,235
mvn,testStart-testEnd,254
mvn,testEnd-exit,367
mvn,entry-testStart,239
mvn,testStart-testEnd,253
mvn,testEnd-exit,363
mvn,entry-testStart,248
mvn,testStart-testEnd,251
mvn,testEnd-exit,350
mvn,entry-testStart,238
mvn,testStart-testEnd,253
mvn,testEnd-exit,366
mvn,entry-testStart,248
mvn,testStart-testEnd,255
mvn,testEnd-exit,370
mvn,entry-testStart,239
mvn,testStart-testEnd,251
mvn,testEnd-exit,372
mvn,entry-testStart,240
mvn,testStart-testEnd,254
mvn,testEnd-exit,368
mvn,entry-testStart,255
mvn,testStart-testEnd,252
mvn,testEnd-exit,356
mvn,entry-testStart,255
mvn,testStart-testEnd,253
mvn,testEnd-exit,364
mvn,entry-testStart,241
mvn,testStart-testEnd,253
mvn,testEnd-exit,35
mvn,entry-testStart,243
mvn,testStart-testEnd,251
mvn,testEnd-exit,366
mvn,entry-testStart,245
mvn,testStart-testEnd,252
mvn,testEnd-exit,357
mvn,entry-testStart,239
mvn,testStart-testEnd,252
mvn,testEnd-exit,364
mvn,entry-testStart,240
mvn,testStart-testEnd,254
mvn,testEnd-exit,369
mvn,entry-testStart,240
mvn,testStart-testEnd,254
mvn,testEnd-exit,368
mvn,entry-testStart,239
mvn,testStart-testEnd,254
mvn,testEnd-exit,361
mvn,entry-testStart,241
mvn,testStart-testEnd,253
mvn,testEnd-exit,369
mvn,entry-testStart,238
mvn,testStart-testEnd,254
mvn,testEnd-exit,373
mvn,entry-testStart,238
mvn,testStart-testEnd,256
mvn,testEnd-exit,370
mvn,entry-testStart,251
mvn,testStart-testEnd,252
mvn,testEnd-exit,371
mvn,entry-testStart,256
mvn,testStart-testEnd,255
mvn,testEnd-exit,352
mvn,entry-testStart,239
mvn,testStart-testEnd,253
mvn,testEnd-exit,22
mvn,entry-testStart,244
mvn,testStart-testEnd,254
mvn,testEnd-exit,355
mvn,entry-testStart,249
mvn,testStart-testEnd,255
mvn,testEnd-exit,359
mvn,entry-testStart,244
mvn,testStart-testEnd,252
mvn,testEnd-exit,346
mvn,entry-testStart,259
mvn,testStart-testEnd,253
mvn,testEnd-exit,382
mvn,entry-testStart,244
mvn,testStart-testEnd,253
mvn,testEnd-exit,362
mvn,entry-testStart,240
mvn,testStart-testEnd,252
mvn,testEnd-exit,354
mvn,entry-testStart,235
mvn,testStart-testEnd,250
mvn,testEnd-exit,356
mvn,entry-testStart,229
mvn,testStart-testEnd,252
mvn,testEnd-exit,360
mvn,entry-testStart,229
mvn,testStart-testEnd,253
mvn,testEnd-exit,370
mvn,entry-testStart,242
mvn,testStart-testEnd,254
mvn,testEnd-exit,362
mvn,entry-testStart,257
mvn,testStart-testEnd,255
mvn,testEnd-exit,356
mvn,entry-testStart,237
mvn,testStart-testEnd,251
mvn,testEnd-exit,84
mvn,entry-testStart,261
mvn,testStart-testEnd,253
mvn,testEnd-exit,354
mvn,entry-testStart,252
mvn,testStart-testEnd,254
mvn,testEnd-exit,367
mvn,entry-testStart,247
mvn,testStart-testEnd,251
mvn,testEnd-exit,368
mvn,entry-testStart,237
mvn,testStart-testEnd,255
mvn,testEnd-exit,368
mvn,entry-testStart,240
mvn,testStart-testEnd,254
mvn,testEnd-exit,374
mvn,entry-testStart,234
mvn,testStart-testEnd,255
mvn,testEnd-exit,375
mvn,entry-testStart,253
mvn,testStart-testEnd,254
mvn,testEnd-exit,365
mvn,entry-testStart,246
mvn,testStart-testEnd,254
mvn,testEnd-exit,357
mvn,entry-testStart,237
mvn,testStart-testEnd,253
mvn,testEnd-exit,372
mvn,entry-testStart,255
mvn,testStart-testEnd,250
mvn,testEnd-exit,373
mvn,entry-testStart,248
mvn,testStart-testEnd,253
mvn,testEnd-exit,355
mvn,entry-testStart,237
mvn,testStart-testEnd,253
mvn,testEnd-exit,371
mvn,entry-testStart,245
mvn,testStart-testEnd,252
mvn,testEnd-exit,363
mvn,entry-testStart,239
mvn,testStart-testEnd,253
mvn,testEnd-exit,366
mvn,entry-testStart,243
mvn,testStart-testEnd,252
mvn,testEnd-exit,359
mvn,entry-testStart,238
mvn,testStart-testEnd,251
mvn,testEnd-exit,353
mvn,entry-testStart,258
mvn,testStart-testEnd,254
mvn,testEnd-exit,365
mvn,entry-testStart,244
mvn,testStart-testEnd,254
mvn,testEnd-exit,372
mvn,entry-testStart,254
mvn,testStart-testEnd,255
mvn,testEnd-exit,354
mvn,entry-testStart,237
mvn,testStart-testEnd,251
mvn,testEnd-exit,359
mvn,entry-testStart,237
mvn,testStart-testEnd,254
mvn,testEnd-exit,376
mvn,entry-testStart,233
mvn,testStart-testEnd,253
mvn,testEnd-exit,360
mvn,entry-testStart,229
mvn,testStart-testEnd,253
mvn,testEnd-exit,358
mvn,entry-testStart,257
mvn,testStart-testEnd,253
mvn,testEnd-exit,364
mvn,entry-testStart,245
mvn,testStart-testEnd,251
mvn,testEnd-exit,373
mvn,entry-testStart,240
mvn,testStart-testEnd,250
mvn,testEnd-exit,368
mvn,entry-testStart,241
mvn,testStart-testEnd,253
mvn,testEnd-exit,368
mvn,entry-testStart,238
mvn,testStart-testEnd,252
mvn,testEnd-exit,370
mvn,entry-testStart,236
mvn,testStart-testEnd,254
mvn,testEnd-exit,365
